CELULARES,9584543,"Celular - IPHONE 16 PRO - IMEI: 354359262538194 - SEMINOVO - 128GB - PRETO - Id: 9584543 - Saúde bateria: 89 - APPLE - CELULARES - IPHONE",354359262538194,0,0,,"IPHONE 16 PRO",89,1
CELULARES,9584528,"Celular - IPHONE 13 - IMEI: 354038649167493 - SEMINOVO - 128GB - PRETO - Id: 9584528 - Saúde bateria: 80 - APPLE - CELULARES - IPHONE",354038649167493,0,0,,"IPHONE 13",80,1
CELULARES,9563585,"Celular - IPHONE 16 PRO MAX - IMEI: 355469924273184 - SEMINOVO - 256GB - DESERT - Id: 9563585 - Saúde bateria: 92 - APPLE - CELULARES - IPHONE",355469924273184,0,0,,"IPHONE 16 PRO MAX",92,1
CELULARES,9563566,"Celular - IPHONE 14 PRO MAX - IMEI: 350387755333165 - SEMINOVO - 128GB - BRANCO - Id: 9563566 - Saúde bateria: 86 - APPLE - CELULARES - IPHONE",350387755333165,0,0,,"IPHONE 14 PRO MAX",86,1
CELULARES,9563550,"Celular - IPHONE 14 PRO MAX - IMEI: 357917870097700 - SEMINOVO - 128GB - ROXO - Id: 9563550 - Saúde bateria: 75 - APPLE - CELULARES - IPHONE",357917870097700,0,0,,"IPHONE 14 PRO MAX",75,1
CELULARES,9563518,"Celular - IPHONE 15 PRO MAX - IMEI: 354058241355148 - SEMINOVO - 256GB - TITÂNIO NATURAL - Id: 9563518 - Saúde bateria: 84 - APPLE - CELULARES - IPHONE",354058241355148,0,0,,"IPHONE 15 PRO MAX",84,1
CELULARES,9563423,"Celular - IPHONE 12 PRO MAX - IMEI: 350002268071273 - SEMINOVO - 128GB - PRETO - Id: 9563423 - Saúde bateria: 74 - APPLE - CELULARES - IPHONE",350002268071273,0,0,,"IPHONE 12 PRO MAX",74,1
CELULARES,9563422,"Celular - IPHONE 14 PRO MAX - IMEI: 353742532054574 - SEMINOVO - 128GB - ROXO - Id: 9563422 - Saúde bateria: 97 - APPLE - CELULARES - IPHONE",353742532054574,0,0,,"IPHONE 14 PRO MAX",97,1
CELULARES,9563370,"Celular - IPHONE 15 - IMEI: 35388719858193 - SEMINOVO - 128GB - ROSA - Id: 9563370 - Saúde bateria: 90 - APPLE - CELULARES - IPHONE",35388719858193,0,0,,"IPHONE 15",90,1
CELULARES,9551984,"Celular - IPHONE 11 PRO MAX - IMEI: 352853114802883 - SEMINOVO - 64GB - PRETO - Id: 9551984 - Saúde bateria: 100 - APPLE - CELULARES - IPHONE",352853114802883,0,0,,"IPHONE 11 PRO MAX",100,1
CELULARES,9551946,"Celular - IPHONE 14 PRO MAX - IMEI: 353885667841024 - SEMINOVO - 256GB - ROXO - Id: 9551946 - Saúde bateria: 85 - APPLE - CELULARES - IPHONE",353885667841024,0,0,,"IPHONE 14 PRO MAX",85,1
CELULARES,9551932,"Celular - IPHONE 15 PRO MAX - IMEI: 359428796457067 - SEMINOVO - 512GB - PRETO - Id: 9551932 - Saúde bateria: 87 - APPLE - CELULARES - IPHONE",359428796457067,0,0,,"IPHONE 15 PRO MAX",87,1
CELULARES,9549938,"Celular - IPHONE 17 PRO MAX - IMEI: 358206133006388 - NOVO - 256GB - PRATEADO - Id: 9549938 - Saúde bateria: 0 - APPLE - CELULARES - IPHONE",358206133006388,0,0,,"IPHONE 17 PRO MAX",0,1
CELULARES,9549933,"Celular - IPHONE 17 PRO - IMEI: 353621841043751 - NOVO - 256GB - AZUL - Id: 9549933 - Saúde bateria: 0 - APPLE - CELULARES - IPHONE",353621841043751,0,0,,"IPHONE 17 PRO",0,1
,9537701,"Celular - IPHONE 13 PRO - IMEI: 359052374368353 - SEMINOVO - 128GB - PRETO - Id: 9537701 - Saúde bateria: 75",359052374368353,0,0,,"IPHONE 13 PRO",75,1
,9537697,"Celular - IPHONE 13 - IMEI: 352707668714813 - SEMINOVO - 256GB - ROSA - Id: 9537697 - Saúde bateria: 83",352707668714813,0,0,,"IPHONE 13",83,1
CELULARES,9537670,"Celular - IPHONE 12 - IMEI: 351447855397954 - SEMINOVO - 128GB - PRETO - Id: 9537670 - Saúde bateria: 0 - APPLE - CELULARES - IPHONE",351447855397954,0,0,,"IPHONE 12",0,1
CELULARES,9511900,"Celular - IPHONE 16 - IMEI: 356822952302377 - SEMINOVO - 128GB - PRETO - Id: 9511900 - Saúde bateria: 92 - APPLE - CELULARES - IPHONE",356822952302377,0,0,,"IPHONE 16",92,1
CELULARES,9511891,"Celular - IPHONE 15 PRO MAX - IMEI: 359428792511867 - SEMINOVO - 256GB - BRANCO - Id: 9511891 - Saúde bateria: 94 - APPLE - CELULARES - IPHONE",359428792511867,0,0,,"IPHONE 15 PRO MAX",94,1
CELULARES,9511889,"Celular - IPHONE 16 - IMEI: 356808400674905 - SEMINOVO - 128GB - BRANCO - Id: 9511889 - Saúde bateria: 100 - APPLE - CELULARES - IPHONE",356808400674905,0,0,,"IPHONE 16",100,1
CELULARES,9485550,"Celular - IPHONE 16 PRO MAX - IMEI: 358594365863935 - SEMINOVO - 256GB - DESERT - Id: 9485550 - Saúde bateria: 0 - APPLE - CELULARES - IPHONE",358594365863935,0,0,,"IPHONE 16 PRO MAX",0,1
CELULARES,9485544,"Celular - IPHONE 11 - IMEI: 354746822391280 - SEMINOVO - 64GB - PRETO - Id: 9485544 - Saúde bateria: 72 - APPLE - CELULARES - IPHONE",354746822391280,0,0,,"IPHONE 11",72,1
CELULARES,9485541,"Celular - IPHONE 12 PRO MAX - IMEI: 359173736361652 - SEMINOVO - 256GB - GOLD - Id: 9485541 - Saúde bateria: 78 - APPLE - CELULARES - IPHONE",359173736361652,0,0,,"IPHONE 12 PRO MAX",78,1
CELULARES,9485540,"Celular - IPHONE 11 PRO MAX - IMEI: 353890103244304 - SEMINOVO - 64GB - PRETO - Id: 9485540 - Saúde bateria: 75 - APPLE - CELULARES - IPHONE",353890103244304,0,0,,"IPHONE 11 PRO MAX",75,1
CELULARES,9485538,"Celular - IPHONE 17 PRO MAX - IMEI: 356364244911848 - SEMINOVO - 256GB - LARANJA - Id: 9485538 - Saúde bateria: 100 - APPLE - CELULARES - IPHONE",356364244911848,0,0,,"IPHONE 17 PRO MAX",100,1
CELULARES,9470569,"Celular - IPHONE 16 PRO MAX - IMEI: 356541620691843 - SEMINOVO - 256GB - DESERT - Id: 9470569 - Saúde bateria: 91 - APPLE - CELULARES - IPHONE",356541620691843,0,0,,"IPHONE 16 PRO MAX",91,1
CELULARES,9470568,"Celular - IPHONE 17 PRO MAX - IMEI: 358105436896687 - SEMINOVO - 256GB - LARANJA - Id: 9470568 - Saúde bateria: 100 - APPLE - CELULARES - IPHONE",358105436896687,0,0,,"IPHONE 17 PRO MAX",100,1
CELULARES,9470567,"Celular - IPHONE 17 PRO MAX - IMEI: 353427333089561 - NOVO - 256GB - AZUL - Id: 9470567 - Saúde bateria: 0 - APPLE - CELULARES - IPHONE",353427333089561,0,0,,"IPHONE 17 PRO MAX",0,1
CELULARES,9470566,"Celular - IPHONE 17 PRO MAX - IMEI: 352721813218919 - NOVO - 256GB - PRATEADO - Id: 9470566 - Saúde bateria: 0 - APPLE - CELULARES - IPHONE",352721813218919,0,0,,"IPHONE 17 PRO MAX",0,1
CELULARES,9446842,"Celular - IPHONE 13 - IMEI: 355701904077769 - SEMINOVO - 128GB - ROSA - Id: 9446842 - Saúde bateria: 66 - APPLE - CELULARES - IPHONE",355701904077769,0,0,,"IPHONE 13",66,1
CELULARES,9446839,"Celular - IPHONE 15 PLUS - IMEI: 353352957679010 - SEMINOVO - 128GB - PRETO - Id: 9446839 - Saúde bateria: 100 - APPLE - CELULARES - IPHONE",353352957679010,0,0,,"IPHONE 15 PLUS",100,1
CELULARES,9446831,"Celular - IPHONE 17 PRO - IMEI: 354198261831360 - NOVO - 256GB - PRATEADO - Id: 9446831 - Saúde bateria: 0 - APPLE - CELULARES - IPHONE",354198261831360,0,0,,"IPHONE 17 PRO",0,1
CELULARES,9446812,"Celular - IPHONE 13 - IMEI: 352561337221050 - SEMINOVO - 128GB - AZUL - Id: 9446812 - Saúde bateria: 71 - APPLE - CELULARES - IPHONE",352561337221050,0,0,,"IPHONE 13",71,1
CELULARES,9410259,"Celular - IPHONE 13 - IMEI: 355611222537776 - SEMINOVO - 256GB - BRANCO - Id: 9410259 - Saúde bateria: 77 - APPLE - CELULARES - IPHONE",355611222537776,0,0,,"IPHONE 13",77,1
CELULARES,9410244,"Celular - IPHONE 16 PRO MAX - IMEI: 354737614605177 - SEMINOVO - 256GB - DESERT - Id: 9410244 - Saúde bateria: 97 - APPLE - CELULARES - IPHONE",354737614605177,0,0,,"IPHONE 16 PRO MAX",97,1
CELULARES,9365281,"Celular - IPHONE 14 PRO MAX - IMEI: 353665904802702 - SEMINOVO - 128GB - ROXO - Id: 9365281 - Saúde bateria: 79 - APPLE - CELULARES - IPHONE",353665904802702,0,0,,"IPHONE 14 PRO MAX",79,1
CELULARES,9365219,"Celular - IPHONE 16 PRO MAX - IMEI: 354210973453399 - SEMINOVO - 256GB - PRETO - Id: 9365219 - Saúde bateria: 93 - APPLE - CELULARES - IPHONE",354210973453399,0,0,,"IPHONE 16 PRO MAX",93,1
,9347856,"Acessorios - APPLE PENCIL - Id: 9347856",,0,0,,"APPLE PENCIL",,1
,9347837,"MACBOOK - NEO - Id: 9347837",,0,0,,NEO,,1
,9347817,"Celular - IPHONE 17 PRO MAX - IMEI: 9471 - NOVO - 256GB - LARANJA - Id: 9347817 - Saúde bateria: 100 - APPLE",9471,0,0,,"IPHONE 17 PRO MAX",100,1
,9347816,"Celular - IPHONE 17 PRO MAX - IMEI: 2063 - NOVO - 256GB - LARANJA - Id: 9347816 - Saúde bateria: 100 - APPLE",2063,0,0,,"IPHONE 17 PRO MAX",100,1
,9347814,"Celular - IPHONE 16 PRO MAX - IMEI: 1206 - SEMINOVO - 256GB - DESERT - Id: 9347814 - Saúde bateria: 92 - APPLE",1206,0,0,,"IPHONE 16 PRO MAX",92,1
,9347813,"Celular - IPHONE 16 PRO - IMEI: 4349 - SEMINOVO - 256GB - DESERT - Id: 9347813 - Saúde bateria: 94 - APPLE",4349,0,0,,"IPHONE 16 PRO",94,1
,9347812,"Celular - IPHONE 15 PRO MAX - IMEI: 9050 - SEMINOVO - 256GB - PRETO - Id: 9347812 - Saúde bateria: 80 - APPLE",9050,0,0,,"IPHONE 15 PRO MAX",80,1
,9347810,"Celular - IPHONE 14 PRO MAX - IMEI: 9381 - SEMINOVO - 256GB - PRETO - Id: 9347810 - Saúde bateria: 78 - APPLE",9381,0,0,,"IPHONE 14 PRO MAX",78,1
,9347809,"Celular - IPHONE 14 PRO - IMEI: 1278 - SEMINOVO - 128GB - DOURADO - Id: 9347809 - Saúde bateria: 75 - APPLE",1278,0,0,,"IPHONE 14 PRO",75,1
,9347808,"Celular - IPHONE 14 PLUS - IMEI: 1286 - SEMINOVO - 128GB - BRANCO - Id: 9347808 - Saúde bateria: 85 - APPLE",1286,0,0,,"IPHONE 14 PLUS",85,1
,9347806,"Celular - IPHONE 14 - IMEI: 9634 - SEMINOVO - 128GB - PRETO - Id: 9347806 - Saúde bateria: 85 - APPLE",9634,0,0,,"IPHONE 14",85,1
,9347805,"Celular - IPHONE 14 - IMEI: 2132 - SEMINOVO - 128GB - PRETO - Id: 9347805 - Saúde bateria: 85 - APPLE",2132,0,0,,"IPHONE 14",85,1
,9347804,"Celular - IPHONE 13 PRO MAX - IMEI: 3232 - SEMINOVO - 128GB - VERDE - Id: 9347804 - Saúde bateria: 89 - APPLE",3232,0,0,,"IPHONE 13 PRO MAX",89,1
,9347803,"Celular - IPHONE 13 PRO MAX - IMEI: 8618 - SEMINOVO - 128GB - DOURADO - Id: 9347803 - Saúde bateria: 79 - APPLE",8618,0,0,,"IPHONE 13 PRO MAX",79,1
,9347802,"Celular - IPHONE 13 PRO - IMEI: 4795 - SEMINOVO - 256GB - BRANCO - Id: 9347802 - Saúde bateria: 71 - APPLE",4795,0,0,,"IPHONE 13 PRO",71,1
,9347800,"Celular - IPHONE 12 PRO MAX - IMEI: 2379 - SEMINOVO - 128GB - DOURADO - Id: 9347800 - Saúde bateria: 74 - APPLE",2379,0,0,,"IPHONE 12 PRO MAX",74,1
,9347799,"Celular - IPHONE 12 PRO - IMEI: 4151 - SEMINOVO - 128GB - PRETO - Id: 9347799 - APPLE",4151,0,0,,"IPHONE 12 PRO",,1
,9347798,"Celular - IPHONE 12 PRO - IMEI: 0079 - SEMINOVO - 128GB - PRETO - Id: 9347798 - Saúde bateria: 77 - APPLE",0079,0,0,,"IPHONE 12 PRO",77,1
,9347797,"Celular - IPHONE 11 - IMEI: 4695 - SEMINOVO - 64GB - BRANCO - Id: 9347797 - Saúde bateria: 77 - APPLE",4695,0,0,,"IPHONE 11",77,1
,9347796,"Celular - IPHONE 11 - IMEI: 3368 - SEMINOVO - 64GB - BRANCO - Id: 9347796 - Saúde bateria: 67 - APPLE",3368,0,0,,"IPHONE 11",67,1
,9303530,"Celular - IPHONE 14 - IMEI: 355794429680928 - SEMINOVO - 128GB - STARLIGHT - J5QCM7LDD9 - Id: 9303530 - Saúde bateria: 84",355794429680928,0,0,,"IPHONE 14",84,1
,9127754,"Celular - IPHONE 12 PRO - IMEI: 354523335629815 - SEMINOVO - 128GB - BRANCO - Id: 9127754 - Saúde bateria: 75",354523335629815,0,0,,"IPHONE 12 PRO",75,1
,9127747,"Celular - IPHONE 13 PRO MAX - IMEI: 358649259858100 - SEMINOVO - 128GB - AZUL - Id: 9127747 - Saúde bateria: 82",358649259858100,0,0,,"IPHONE 13 PRO MAX",82,1
,9127745,"Celular - IPHONE 12 - IMEI: 357848533886017 - SEMINOVO - 64GB - PRETO - Id: 9127745 - Saúde bateria: 76",357848533886017,0,0,,"IPHONE 12",76,1
,9104888,"Celular - IPHONE 13 PRO - IMEI: 352835980583903 - SEMINOVO - 256GB - PRETO - Id: 9104888 - Saúde bateria: 80",352835980583903,0,0,,"IPHONE 13 PRO",80,1
,9005879,"Celular - IPHONE 16 PRO MAX - IMEI: 358245529338039 - SEMINOVO - 256GB - TITÂNIO PRETO - Id: 9005879 - Saúde bateria: 92",358245529338039,0,0,,"IPHONE 16 PRO MAX",92,1
,8932124,"Celular - IPHONE 13 PRO MAX - IMEI: 353869222171051 - SEMINOVO - 128GB - PRETO - Id: 8932124 - Saúde bateria: 79",353869222171051,0,0,,"IPHONE 13 PRO MAX",79,1
,8932094,"Celular - IPHONE 14 PRO - IMEI: 356378583590500 - SEMINOVO - 128GB - PRETO - Id: 8932094 - Saúde bateria: 76",356378583590500,0,0,,"IPHONE 14 PRO",76,1
,8915121,"Celular - IPHONE 13 - IMEI: 351264783929802 - SEMINOVO - 128GB - AZUL - Id: 8915121 - Saúde bateria: 72",351264783929802,0,0,,"IPHONE 13",72,1
,8915111,"Celular - IPHONE 12 PRO MAX - IMEI: 356724119794076 - SEMINOVO - 128GB - AZUL - Id: 8915111 - Saúde bateria: 82 - APPLE",356724119794076,0,0,,"IPHONE 12 PRO MAX",82,1
,8915107,"Celular - IPHONE 12 PRO - IMEI: 354009846875469 - SEMINOVO - 128GB - DOURADO - Id: 8915107 - Saúde bateria: 82",354009846875469,0,0,,"IPHONE 12 PRO",82,1
,8915101,"Celular - IPHONE 12 PRO MAX - IMEI: 353167662941160 - SEMINOVO - 128GB - DOURADO - Id: 8915101 - Saúde bateria: 74",353167662941160,0,0,,"IPHONE 12 PRO MAX",74,1
,8873724,"Celular - IPHONE 13 - IMEI: 355611222537776 - SEMINOVO - 256GB - BRANCO - Id: 8873724 - Saúde bateria: 77",355611222537776,0,0,,"IPHONE 13",77,1
,8733403,"Celular - IPHONE 16 PRO MAX - IMEI: 356308864700619 - SEMINOVO - 256GB - TITÂNIO PRETO - Id: 8733403 - APPLE",356308864700619,0,0,,"IPHONE 16 PRO MAX",,1
,8733122,"Celular - IPHONE 15 - IMEI: 353887195048510 - SEMINOVO - 128GB - AZUL - Id: 8733122 - Saúde bateria: 84",353887195048510,0,0,,"IPHONE 15",84,1
PERFUMES,8676008,"PERFUMARIA - KIT THE SECRETS ABSOLUT - Id: 8676008 - ANTONIO BANDEIRAS - PERFUMES",,0,0,,"KIT THE SECRETS ABSOLUT",,1
PERFUMES,8675970,"PERFUMARIA - THE SECRETS ABSOLUT - Id: 8675970 - ANTONIO BANDEIRAS - PERFUMES",,0,0,,"THE SECRETS ABSOLUT",,1
PERFUMES,8675848,"PERFUMARIA - GABRIELA SABATINI - Id: 8675848 - PERFUMES",,0,0,,"GABRIELA SABATINI",,1
PERFUMES,8669856,"PERFUMARIA - KIT OLYMPIA SOLAR EDP INTENSE - Id: 8669856 - PACO RABANNE - PERFUMES",,0,0,,"KIT OLYMPIA SOLAR EDP INTENSE",,1
PERFUMES,8667515,"PERFUMARIA - LIGHT BLUE INTENSE 25ML - Id: 8667515 - DOLCE & GABBANA - PERFUMES",,0,0,,"LIGHT BLUE INTENSE 25ML",,1
PERFUMES,8667506,"PERFUMARIA - LIGHT BLUE EAU INTENSE POUR HOMME 50ML - Id: 8667506 - DOLCE & GABBANA - PERFUMES",,0,0,,"LIGHT BLUE EAU INTENSE POUR HOMME 50ML",,1
PERFUMES,8667497,"PERFUMARIA - LIGHT BLUE EDT 100 - Id: 8667497 - DOLCE & GABBANA - PERFUMES - LANCOME",,0,0,,"LIGHT BLUE EDT 100",,2
,8667410,"PERFUMARIA - LA VIE EST BELLE EDP 30 - Id: 8667410 - LANCOME - LANCOME",,849,650,,"LA VIE EST BELLE EDP 30",,2
PERFUMES,8667213,"PERFUMARIA - BLACK OPIUM EAU DE PARFUM 90ML - Id: 8667213 - YVES SAINT LAURENT - PERFUMES - LANCOME",,0,0,,"BLACK OPIUM EAU DE PARFUM 90ML",,1
,8667199,"PERFUMARIA - ANGEL EDP 100ML - Id: 8667199 - MUGLER",,0,0,,"ANGEL EDP 100ML",,1
PERFUMES,8667166,"PERFUMARIA - LIBRE EDP 90ML - Id: 8667166 - YVES SAINT LAURENT - PERFUMES",,0,0,,"LIBRE EDP 90ML",,1
PERFUMES,8667124,"PERFUMARIA - PRECIEUX IV CLUB DE NUIT  - Id: 8667124 - ARMAF - PERFUMES",,530,330,,"PRECIEUX IV CLUB DE NUIT ",,1
PERFUMES,8667075,"PERFUMARIA - CLUB DE NUIT MEN  - Id: 8667075 - ARMAF - PERFUMES",,530,330,,"CLUB DE NUIT MEN ",,1
PERFUMES,8667042,"PERFUMARIA - CLUB DE NUIT INTENSE MAN - Id: 8667042 - ARMAF - PERFUMES",,530,330,,"CLUB DE NUIT INTENSE MAN",,2
PERFUMES,8667041,"PERFUMARIA - CLUB DE NUIT ICONIC 105ML - Id: 8667041 - ARMAF - PERFUMES",,530,330,,"CLUB DE NUIT ICONIC 105ML",,2
PERFUMES,8667017,"PERFUMARIA - CLUB DE NUIT UNTOLD 105ML - Id: 8667017 - ARMAF - PERFUMES",,530,330,,"CLUB DE NUIT UNTOLD 105ML",,1
PERFUMES,8667016,"PERFUMARIA - CLUB DE NUIT WOMAN 105ML - Id: 8667016 - ARMAF - PERFUMES",,530,330,,"CLUB DE NUIT WOMAN 105ML",,2
PERFUMES,8667008,"PERFUMARIA - CLUB DE NUIT LIMITED EDITION 105ML - Id: 8667008 - ARMAF - PERFUMES",,530,330,,"CLUB DE NUIT LIMITED EDITION 105ML",,3
PERFUMES,8666912,"PERFUMARIA - SCANDAL LE PARFUM 80ML - Id: 8666912 - JEAN PAUL GAULTIER - PERFUMES",,760,560,,"SCANDAL LE PARFUM 80ML",,1
PERFUMES,8666898,"PERFUMARIA - KIT LE MALE EDT 125ML - Id: 8666898 - JEAN PAUL GAULTIER - PERFUMES",,399.9,290,,"KIT LE MALE EDT 125ML",,1
PERFUMES,8666881,"PERFUMARIA - KIT LE MALE ELIXIR 125ML - Id: 8666881 - JEAN PAUL GAULTIER - PERFUMES",,399.9,290,,"KIT LE MALE ELIXIR 125ML",,1
PERFUMES,8666868,"PERFUMARIA - LE MALE EDT 125ML - Id: 8666868 - JEAN PAUL GAULTIER - PERFUMES",,399.9,290,,"LE MALE EDT 125ML",,1
PERFUMES,8666858,"PERFUMARIA - LE MALE LE PARFUM INTENSE - Id: 8666858 - JEAN PAUL GAULTIER - PERFUMES",,399.9,290,,"LE MALE LE PARFUM INTENSE",,1
PERFUMES,8666850,"PERFUMARIA - LE BEAU PARFUM INTENSE - Id: 8666850 - JEAN PAUL GAULTIER - PERFUMES",,399.9,290,,"LE BEAU PARFUM INTENSE",,1
PERFUMES,8666815,"PERFUMARIA - LE MALE ELIXIR - Id: 8666815 - JEAN PAUL GAULTIER - PERFUMES",,399.9,290,,"LE MALE ELIXIR",,1
PERFUMES,8666803,"PERFUMARIA - DIVINE LE PARFUM INTENSE - Id: 8666803 - JEAN PAUL GAULTIER - PERFUMES",,399.9,290,,"DIVINE LE PARFUM INTENSE",,1
PERFUMES,8666788,"PERFUMARIA - DIVINE ELIXIR - Id: 8666788 - JEAN PAUL GAULTIER - PERFUMES",,399.9,290,,"DIVINE ELIXIR",,1
PERFUMES,8666683,"PERFUMARIA - NISHANE PARFUM - Id: 8666683 - HACIVAT - PERFUMES",,0,0,,"NISHANE PARFUM",,1
PERFUMES,8666635,"PERFUMARIA - KIT AZZARO WANTED INTENSE - Id: 8666635 - AZZARO - PERFUMES",,570,370,,"KIT AZZARO WANTED INTENSE",,1
PERFUMES,8666619,"PERFUMARIA - AZZARO WANTED EDT INTENSE 100ML - Id: 8666619 - AZZARO - PERFUMES",,570,370,,"AZZARO WANTED EDT INTENSE 100ML",,1
PERFUMES,8666528,"PERFUMARIA - MYSLF L'ABSOLU - Id: 8666528 - YVES SAINT LAURENT - PERFUMES - LANCOME",,0,0,,"MYSLF L'ABSOLU",,1
PERFUMES,8666464,"PERFUMARIA - INTENSE 100ML - Id: 8666464 - YVES SAINT LAURENT - PERFUMES - LANCOME",,0,0,,"INTENSE 100ML",,1
PERFUMES,8666453,"PERFUMARIA - LE PARFUM 100ML - Id: 8666453 - YVES SAINT LAURENT - PERFUMES - LANCOME",,0,0,,"LE PARFUM 100ML",,1
,8665120,"IPAD - IPAD MINI 6 - SEMINOVO - 64GB - STARLIGHT - Id: 8665120",,0,0,,"IPAD MINI 6",,1
,8665048,"Celular - IPHONE SE 2 - IMEI: 4987 - SEMINOVO - 64GB - PRETO - Id: 8665048 - Saúde bateria: 75",4987,0,0,,"IPHONE SE 2",75,1
,8665045,"Celular - IPHONE 11 - IMEI: 352012831545818 - SEMINOVO - 64GB - BRANCO - Id: 8665045 - Saúde bateria: 72",352012831545818,0,0,,"IPHONE 11",72,1
,8665044,"Celular - IPHONE 11 - IMEI: 6312 - SEMINOVO - 128GB - BRANCO - Id: 8665044 - Saúde bateria: 71",6312,0,0,,"IPHONE 11",71,1
,8665043,"Celular - IPHONE 11 PRO - IMEI: 2328 - SEMINOVO - 64GB - PRETO - Id: 8665043 - Saúde bateria: 70",2328,0,0,,"IPHONE 11 PRO",70,1
,8665042,"Celular - IPHONE 11 PRO - IMEI: 9336 - SEMINOVO - PRETO - Id: 8665042",9336,0,0,,"IPHONE 11 PRO",,1
,8665041,"Celular - IPHONE 11 PRO MAX - IMEI: 4821 - SEMINOVO - 256GB - BRANCO - Id: 8665041 - Saúde bateria: 85",4821,0,0,,"IPHONE 11 PRO MAX",85,1
,8665040,"Celular - IPHONE 11 PRO MAX - IMEI: 3364 - SEMINOVO - 256GB - BRANCO - Id: 8665040 - Saúde bateria: 85",3364,0,0,,"IPHONE 11 PRO MAX",85,1
,8665039,"Celular - IPHONE 12 - IMEI: 6195 - SEMINOVO - 64GB - PRETO - Id: 8665039 - Saúde bateria: 85",6195,0,0,,"IPHONE 12",85,1
,8665038,"Celular - IPHONE 12 - IMEI: 0754 - SEMINOVO - 64GB - AZUL - Id: 8665038 - Saúde bateria: 76",0754,0,0,,"IPHONE 12",76,1
,8665037,"Celular - IPHONE 12 - IMEI: 7421 - SEMINOVO - 64GB - AZUL - Id: 8665037 - Saúde bateria: 69",7421,0,0,,"IPHONE 12",69,1
,8665036,"Celular - IPHONE 12 - IMEI: 4632 - SEMINOVO - 64GB - PRETO - Id: 8665036 - Saúde bateria: 72",4632,0,0,,"IPHONE 12",72,1
,8665035,"Celular - IPHONE 12 - IMEI: 5311 - SEMINOVO - 64GB - PRETO - Id: 8665035 - Saúde bateria: 74",5311,0,0,,"IPHONE 12",74,1
,8665034,"Celular - IPHONE 12 PRO - IMEI: 6947 - SEMINOVO - 128GB - DOURADO - Id: 8665034 - Saúde bateria: 81",6947,0,0,,"IPHONE 12 PRO",81,1
,8665033,"Celular - IPHONE 12 PRO - IMEI: 0578 - SEMINOVO - 256GB - DOURADO - Id: 8665033 - Saúde bateria: 86",0578,0,0,,"IPHONE 12 PRO",86,1
,8665031,"Celular - IPHONE 13 - IMEI: 3024 - SEMINOVO - 128GB - PRETO - Id: 8665031 - Saúde bateria: 84",3024,0,0,,"IPHONE 13",84,1
,8665030,"Celular - IPHONE 13 - IMEI: 2737 - SEMINOVO - 256GB - PRETO - Id: 8665030 - Saúde bateria: 76",2737,0,0,,"IPHONE 13",76,1
,8665029,"Celular - IPHONE 13 - IMEI: 9976 - SEMINOVO - 128GB - PRETO - Id: 8665029 - Saúde bateria: 83",9976,0,0,,"IPHONE 13",83,1
,8665028,"Celular - IPHONE 13 - IMEI: 9305 - SEMINOVO - 128GB - PRETO - Id: 8665028 - Saúde bateria: 80",9305,0,0,,"IPHONE 13",80,1
,8665027,"Celular - IPHONE 13 - IMEI: 9600 - SEMINOVO - 128GB - PRETO - Id: 8665027 - Saúde bateria: 89",9600,0,0,,"IPHONE 13",89,1
,8665026,"Celular - IPHONE 13 - IMEI: 6648 - SEMINOVO - 128GB - PRETO - Id: 8665026 - Saúde bateria: 85",6648,0,0,,"IPHONE 13",85,1
,8665025,"Celular - IPHONE 13 - IMEI: 0364 - SEMINOVO - 128GB - PRETO - Id: 8665025 - Saúde bateria: 71",0364,0,0,,"IPHONE 13",71,1
,8665024,"Celular - IPHONE 13 - IMEI: 5746 - SEMINOVO - 512GB - PRETO - Id: 8665024 - Saúde bateria: 83",5746,0,0,,"IPHONE 13",83,1
,8665023,"Celular - IPHONE 13 - IMEI: 6814 - SEMINOVO - 128GB - AZUL - Id: 8665023 - Saúde bateria: 75",6814,0,0,,"IPHONE 13",75,1
,8665022,"Celular - IPHONE 13 - IMEI: 2542 - SEMINOVO - 128GB - AZUL - Id: 8665022 - Saúde bateria: 88",2542,0,0,,"IPHONE 13",88,1
,8665021,"Celular - IPHONE 13 - IMEI: 5762 - SEMINOVO - 128GB - AZUL - Id: 8665021 - Saúde bateria: 88",5762,0,0,,"IPHONE 13",88,1
,8665020,"Celular - IPHONE 13 - IMEI: 4855 - SEMINOVO - 128GB - ROSA - Id: 8665020 - Saúde bateria: 75",4855,0,0,,"IPHONE 13",75,1
,8665019,"Celular - IPHONE 13 - IMEI: 8577 - SEMINOVO - 128GB - ROSA - Id: 8665019 - Saúde bateria: 71",8577,0,0,,"IPHONE 13",71,1
,8665017,"Celular - IPHONE 13 - IMEI: 3444 - SEMINOVO - 128GB - ROSA - Id: 8665017 - Saúde bateria: 76",3444,0,0,,"IPHONE 13",76,1
,8665014,"Celular - IPHONE 13 - IMEI: 6043 - SEMINOVO - 128GB - BRANCO - Id: 8665014 - Saúde bateria: 75",6043,0,0,,"IPHONE 13",75,1
,8665011,"Celular - IPHONE 13 PRO MAX - IMEI: 3461 - SEMINOVO - 128GB - PRETO - Id: 8665011 - Saúde bateria: 85",3461,0,0,,"IPHONE 13 PRO MAX",85,1
,8665010,"Celular - IPHONE 13 PRO MAX - IMEI: 1196 - SEMINOVO - 128GB - PRETO - Id: 8665010 - Saúde bateria: 85",1196,0,0,,"IPHONE 13 PRO MAX",85,1
,8665008,"Celular - IPHONE 13 PRO MAX - IMEI: 0465 - SEMINOVO - 128GB - BRANCO - Id: 8665008 - Saúde bateria: 90",0465,0,0,,"IPHONE 13 PRO MAX",90,1
,8665006,"Celular - IPHONE 13 PRO MAX - IMEI: 2410 - SEMINOVO - 128GB - AZUL - Id: 8665006 - Saúde bateria: 82",2410,0,0,,"IPHONE 13 PRO MAX",82,1
,8665003,"Celular - IPHONE 13 PRO MAX - IMEI: 2678 - SEMINOVO - 256GB - DOURADO - Id: 8665003 - Saúde bateria: 77",2678,0,0,,"IPHONE 13 PRO MAX",77,1
,8665002,"Celular - IPHONE 13 PRO MAX - IMEI: 2537 - SEMINOVO - 256GB - DOURADO - Id: 8665002 - Saúde bateria: 78",2537,0,0,,"IPHONE 13 PRO MAX",78,1
,8664998,"Celular - IPHONE 14 - IMEI: 5488 - SEMINOVO - 128GB - ROXO - Id: 8664998 - Saúde bateria: 86",5488,0,0,,"IPHONE 14",86,1
,8664997,"Celular - IPHONE 14 - IMEI: 9055 - SEMINOVO - 128GB - ROXO - Id: 8664997 - Saúde bateria: 84",9055,0,0,,"IPHONE 14",84,1
,8664996,"Celular - IPHONE 14 PRO MAX - IMEI: 2704 - SEMINOVO - 128GB - ROXO - Id: 8664996 - Saúde bateria: 80",2704,0,0,,"IPHONE 14 PRO MAX",80,1
,8664992,"Celular - IPHONE 15 - IMEI: 2211 - SEMINOVO - 128GB - PRETO - Id: 8664992 - Saúde bateria: 79",2211,0,0,,"IPHONE 15",79,1
,8664986,"Celular - IPHONE 15 PRO - IMEI: 3964 - SEMINOVO - 128GB - AZUL - Id: 8664986 - Saúde bateria: 85",3964,0,0,,"IPHONE 15 PRO",85,1
,8664980,"Celular - IPHONE 16 - IMEI: 8755 - SEMINOVO - 128GB - PRETO - Id: 8664980 - Saúde bateria: 91",8755,0,0,,"IPHONE 16",91,1
PERFUMES,8664034,"PERFUMARIA - EROS VERSACE - Id: 8664034 - PERFUMES",,0,0,,"EROS VERSACE",,1
PERFUMES,8664012,"PERFUMARIA - L'HOMME PRADA 100ML - Id: 8664012 - PRADA MILANO - PERFUMES",,0,0,,"L'HOMME PRADA 100ML",,1
PERFUMES,8663995,"PERFUMARIA - CREED AVENTUS  100ML - Id: 8663995 - PERFUMES - LANCOME",,0,0,,"CREED AVENTUS  100ML",,1
PERFUMES,8663975,"PERFUMARIA - SAUVAGE EDp - Id: 8663975 - DIOR - PERFUMES",,0,0,,"SAUVAGE EDp",,2
PERFUMES,8663938,"PERFUMARIA - SAUVAGE EDT - Id: 8663938 - DIOR - PERFUMES",,0,0,,"SAUVAGE EDT",,1
PERFUMES,8663902,"PERFUMARIA - BLUE EDP 125ML - Id: 8663902 - POLO RALPH LAUREN  - PERFUMES - LANCOME",,0,0,,"BLUE EDP 125ML",,1
PERFUMES,8663837,"PERFUMARIA - PHANTON PARFUM 100ML - Id: 8663837 - PACO RABANNE - PERFUMES",,0,0,,"PHANTON PARFUM 100ML",,1
PERFUMES,8663811,"PERFUMARIA - MILLION GOLD ELIXIR TESTER - Id: 8663811 - PACO RABANNE - PERFUMES",,710,510,,"MILLION GOLD ELIXIR TESTER",,1
PERFUMES,8663810,"PERFUMARIA - MILLION GOLD TESTER - Id: 8663810 - PACO RABANNE - PERFUMES",,710,510,,"MILLION GOLD TESTER",,1
PERFUMES,8663809,"PERFUMARIA - MILLION GOLD 200ML - Id: 8663809 - PACO RABANNE - PERFUMES",,710,510,,"MILLION GOLD 200ML",,2
PERFUMES,8663718,"PERFUMARIA - BAD BOY CAROLINA HERRERA NEW YORK COBALT 150ML - Id: 8663718 - CAROLINA HERRERA - PERFUMES",,489.9,330,,"BAD BOY CAROLINA HERRERA NEW YORK COBALT 150ML",,1
PERFUMES,8663711,"PERFUMARIA - BAD BOY CAROLINA HERRERA LE PARFUM 50ML - Id: 8663711 - CAROLINA HERRERA - PERFUMES",,489.9,330,,"BAD BOY CAROLINA HERRERA LE PARFUM 50ML",,1
PERFUMES,8663701,"PERFUMARIA - BAD BOY CAROLINA HERRERA LE PARFUM 50ML - Id: 8663701 - CAROLINA HERRERA - PERFUMES",,489.9,330,,"BAD BOY CAROLINA HERRERA LE PARFUM 50ML",,1
PERFUMES,8663376,"PERFUMARIA - GOOD GIRL CAROLINA HERRERA NEW YORK 80ML - Id: 8663376 - PERFUMES",,0,0,,"GOOD GIRL CAROLINA HERRERA NEW YORK 80ML",,1
PERFUMES,8663368,"PERFUMARIA - 212 VIP MEN NYC 100ML - Id: 8663368 - CAROLINA HERRERA - PERFUMES",,585,385,,"212 VIP MEN NYC 100ML",,1
,8460057,"Celular - IPHONE 15 PRO - IMEI: 35 540736 726971 7 - SEMINOVO - 256GB - TITÂNIO NATURAL - Id: 8460057","35 540736 726971 7",3899,0,,"IPHONE 15 PRO",,1
,7490617,"APPLE WATCH - WATCH S6 44MM - SEMINOVO - ROSA - Id: 7490617 - APPLE",,0,0,,"WATCH S6 44MM",,1
PERFUMES,6731442,"PERFUMARIA - COLONIA LA VIDA - Id: 6731442 - PERFUMES",,119.9,60,,"COLONIA LA VIDA",,1
,6731441,"PERFUMARIA - CREME LA VIDA - Id: 6731441",,49.9,24,,"CREME LA VIDA",,2
PERFUMES,6731438,"PERFUMARIA - MUSAMAM WHITE INTENSE LATTAFA EAU DE PARFUM - PERFUME COMPARTILHÁVEL 100ML - Id: 6731438 - LATTAFA - PERFUMES",,449,285,,"MUSAMAM WHITE INTENSE LATTAFA EAU DE PARFUM - PERFUME COMPARTILHÁVEL 100ML",,2
PERFUMES,6731436,"PERFUMARIA - AFEEF LATTAFA EAU DE PARFUM - PERFUME COMPARTILHÁVEL 100ML - Id: 6731436 - LATTAFA - PERFUMES",,549,350,,"AFEEF LATTAFA EAU DE PARFUM - PERFUME COMPARTILHÁVEL 100ML",,4
PERFUMES,6731435,"PERFUMARIA - PARADOXE PRADA EAU DE PARFUM - PERFUME FEMININO 90ML - Id: 6731435 - PRADA MILANO - PERFUMES",,819.9,620,,"PARADOXE PRADA EAU DE PARFUM - PERFUME FEMININO 90ML",,2
PERFUMES,6731434,"PERFUMARIA - PARADOXE INTENSE PRADA EAU DE PARFUM - PERFUME FEMININO 50ML - Id: 6731434 - PRADA MILANO - PERFUMES",,729,530,,"PARADOXE INTENSE PRADA EAU DE PARFUM - PERFUME FEMININO 50ML",,1
PERFUMES,6731421,"PERFUMARIA - FAME EDP 30ML - Id: 6731421 - PACO RABANNE - PERFUMES",,399,290,,"FAME EDP 30ML",,1
PERFUMES,6731416,"PERFUMARIA - ATHEERI LATTAFA EAU DE PARFUM - PERFUME FEMINIO 100ML - Id: 6731416 - LATTAFA - PERFUMES",,599,390,,"ATHEERI LATTAFA EAU DE PARFUM - PERFUME FEMINIO 100ML",,4
PERFUMES,6731415,"PERFUMARIA - 212 VIP ROSÉ CAROLINA HERRERA EAU DE PARFUM ELIXIR - PERFUME FEMININO 80ML - Id: 6731415 - CAROLINA HERRERA - PERFUMES",,699,500,,"212 VIP ROSÉ CAROLINA HERRERA EAU DE PARFUM ELIXIR - PERFUME FEMININO 80ML",,1
PERFUMES,6731412,"PERFUMARIA - SO SCANDAL 30ML - Id: 6731412 - JEAN PAUL GAULTIER - PERFUMES",,399.9,290,,"SO SCANDAL 30ML",,2
PERFUMES,6731406,"PERFUMARIA - 212 SEXY CAROLINA HERRERA EAU DE PARFUM - PERFUME FEMININO 60ML - Id: 6731406 - CAROLINA HERRERA - PERFUMES",,599,430,,"212 SEXY CAROLINA HERRERA EAU DE PARFUM - PERFUME FEMININO 60ML",,2
PERFUMES,6731404,"PERFUMARIA - FAKHAR ROSE 100ML - Id: 6731404 - LATTAFA - PERFUMES",,329.9,180,,"FAKHAR ROSE 100ML",,3
PERFUMES,6731401,"PERFUMARIA - YARA MOI 100ML - Id: 6731401 - LATTAFA - PERFUMES",,299,150,,"YARA MOI 100ML",,3
PERFUMES,6731398,"PERFUMARIA - YARA TOUS 100ML - Id: 6731398 - LATTAFA - PERFUMES",,299,150,,"YARA TOUS 100ML",,5
PERFUMES,6731396,"PERFUMARIA - YARA ELIXIR 100ML - Id: 6731396 - LATTAFA - PERFUMES",,339.9,180,,"YARA ELIXIR 100ML",,5
PERFUMES,6731394,"PERFUMARIA - YARA 100ML - Id: 6731394 - LATTAFA - PERFUMES",,299,150,,"YARA 100ML",,2
,6731391,"PERFUMARIA - YARA CANDY 100ML - Id: 6731391 - LATTAFA",,299,150,,"YARA CANDY 100ML",,3
PERFUMES,6731390,"PERFUMARIA - BAD BOY CAROLINA HERRERA EAU DE TOILETTE - PERFUME MASCULINO 50ML - Id: 6731390 - CAROLINA HERRERA - PERFUMES",,489.9,330,,"BAD BOY CAROLINA HERRERA EAU DE TOILETTE - PERFUME MASCULINO 50ML",,1
PERFUMES,6731388,"PERFUMARIA - BLACK OPIUM EAU DE PARFUM 90ML - Id: 6731388 - YVES SAINT LAURENT - PERFUMES",,799,600,,"BLACK OPIUM EAU DE PARFUM 90ML",,1
PERFUMES,6731383,"PERFUMARIA - PHILOS PURA 100ML - Id: 6731383 - PERFUMES",,299,150,,"PHILOS PURA 100ML",,3
PERFUMES,6731380,"PERFUMARIA - SABAH AL WARD AL WATANIAH EAU DE PARFUM - PERFUME FEMININO 100ML  - Id: 6731380 - PERFUMES",,249,130,,"SABAH AL WARD AL WATANIAH EAU DE PARFUM - PERFUME FEMININO 100ML ",,2
PERFUMES,6731378,"PERFUMARIA - LA ROUGE BAROQUE EXTREME EDP 100ML MAISON ALHAMBRA - Id: 6731378 - PERFUMES",,249,115,,"LA ROUGE BAROQUE EXTREME EDP 100ML MAISON ALHAMBRA",,2
PERFUMES,6731338,"PERFUMARIA - VULCAN BAIE FRENCH AVENUE EAU DE PARFUM - PERFUME COMPARTILHÁVEL 100ML - Id: 6731338 - PERFUMES",,449.9,275,,"VULCAN BAIE FRENCH AVENUE EAU DE PARFUM - PERFUME COMPARTILHÁVEL 100ML",,1
PERFUMES,6731337,"PERFUMARIA - EXPLORER MONTBLANC EAU DE PARFUM - PERFUME MASCULINO 200ML - Id: 6731337 - PERFUMES",,669.9,470,,"EXPLORER MONTBLANC EAU DE PARFUM - PERFUME MASCULINO 200ML",,1
PERFUMES,6731328,"PERFUMARIA - CLUB DE NUIT OUD 105ML - Id: 6731328 - ARMAF - PERFUMES",,599.9,400,,"CLUB DE NUIT OUD 105ML",,1
PERFUMES,6731324,"PERFUMARIA - BAREEQ AL DHAHAB AL WATANIAH - PERFUME MASCULINO 100ML - Id: 6731324 - PERFUMES",,299,145,,"BAREEQ AL DHAHAB AL WATANIAH - PERFUME MASCULINO 100ML",,2
PERFUMES,6731321,"PERFUMARIA - TAG FOR HIM NERO ARMAF EAU DE PARFUM - PERFUME MASCULINO 100ML - Id: 6731321 - ARMAF - PERFUMES",,399,195,,"TAG FOR HIM NERO ARMAF EAU DE PARFUM - PERFUME MASCULINO 100ML",,2
PERFUMES,6731315,"PERFUMARIA - AMEERATI AL WATANIAH EAU DE PARFUM - PERFUME COMPARTILHÁVEL 100ML - Id: 6731315 - PERFUMES",,229,115,,"AMEERATI AL WATANIAH EAU DE PARFUM - PERFUME COMPARTILHÁVEL 100ML",,1
PERFUMES,6731311,"PERFUMARIA - GUILTY POUR HOMME GUCCI ELIXIR DE PARFUM - PERFUME MASCULINO 60ML - Id: 6731311 - GUCCI - PERFUMES",,829,630,,"GUILTY POUR HOMME GUCCI ELIXIR DE PARFUM - PERFUME MASCULINO 60ML",,1
PERFUMES,6731307,"PERFUMARIA - HAWAS BLACK RASASI EAU DE PARFUM - PERFUME MASCULINO 100ML - Id: 6731307 - PERFUMES",,399.9,200,,"HAWAS BLACK RASASI EAU DE PARFUM - PERFUME MASCULINO 100ML",,2
PERFUMES,6731304,"PERFUMARIA - ATTAR AL WESAL AL WATANIAH EAU DE PARFUM - PERFUME COMPARTILHÁVEL 100ML - Id: 6731304 - PERFUMES",,299,130,,"ATTAR AL WESAL AL WATANIAH EAU DE PARFUM - PERFUME COMPARTILHÁVEL 100ML",,4
PERFUMES,6731294,"PERFUMARIA - SUPREMACY COLLECTOR'S EDIITON AFNAN EXTRAIT DE PARFUM - PERFUME MASCULINO 100ML - Id: 6731294 - PERFUMES",,549.9,345,,"SUPREMACY COLLECTOR'S EDIITON AFNAN EXTRAIT DE PARFUM - PERFUME MASCULINO 100ML",,1
PERFUMES,6731291,"PERFUMARIA - KIT INVICTUS EDT 100ML - Id: 6731291 - PACO RABANNE - PERFUMES",,699.9,480,,"KIT INVICTUS EDT 100ML",,1
PERFUMES,6731263,"PERFUMARIA - FAKHAR PLATINUM 100ML - Id: 6731263 - LATTAFA - PERFUMES",,399,220,,"FAKHAR PLATINUM 100ML",,1
PERFUMES,6731261,"PERFUMARIA - FAKHAR GOLD 100ML - Id: 6731261 - LATTAFA - PERFUMES",,329.9,180,,"FAKHAR GOLD 100ML",,1
PERFUMES,6731258,"PERFUMARIA - FAKHAR BLACK 100ML - Id: 6731258 - LATTAFA - PERFUMES",,329.9,180,,"FAKHAR BLACK 100ML",,3
,6731219,"PERFUMARIA - CUBA LION 100ML - Id: 6731219",,99.9,47,,"CUBA LION 100ML",,2
PERFUMES,6731208,"PERFUMARIA - CUBA ROYAL 100ML - Id: 6731208 - PERFUMES",,99.9,47,,"CUBA ROYAL 100ML",,2
,6731205,"PERFUMARIA - CUBA WINNER 100ML - Id: 6731205",,99.9,47,,"CUBA WINNER 100ML",,1
PERFUMES,6729808,"PERFUMARIA - HARAMAIN AMBER OUD 120ML - Id: 6729808 - PERFUMES",,560,360,,"HARAMAIN AMBER OUD 120ML",,1
PERFUMES,6729563,"PERFUMARIA - ONE MILLION  EDT 200ML - Id: 6729563 - PACO RABANNE - PERFUMES",,710,510,,"ONE MILLION  EDT 200ML",,1
PERFUMES,6729411,"PERFUMARIA - 212 MEN HEROES EDT 90ML - Id: 6729411 - CAROLINA HERRERA - PERFUMES",,585,385,,"212 MEN HEROES EDT 90ML",,1
PERFUMES,6729349,"PERFUMARIA - ACQUA DI GIO PROFONDO EDP 200ML - Id: 6729349 - GIORGIO ARMANI - PERFUMES",,795,595,,"ACQUA DI GIO PROFONDO EDP 200ML",,1
PERFUMES,6729171,"PERFUMARIA - BOSS BOTTLED ELIXIR 100ML - Id: 6729171 - HUGO BOSS - PERFUMES",,730,530,,"BOSS BOTTLED ELIXIR 100ML",,1
PERFUMES,6729099,"PERFUMARIA - CK BE EDT 200ML - Id: 6729099 - CALVIN KLEIN - PERFUMES",,440,240,,"CK BE EDT 200ML",,1
PERFUMES,6729036,"PERFUMARIA - ODYSSEY MEGA 100ML - Id: 6729036 - ARMAF - PERFUMES",,400,200,,"ODYSSEY MEGA 100ML",,1
PERFUMES,6729012,"PERFUMARIA - STRONGER WITH YOU 100ML - Id: 6729012 - EMPORIO ARMANI - PERFUMES",,595,395,,"STRONGER WITH YOU 100ML",,1
PERFUMES,6728963,"PERFUMARIA - LIQUID BRUN 100ML - Id: 6728963 - FRENCH AVENUE - PERFUMES",,425,225,,"LIQUID BRUN 100ML",,4
PERFUMES,6724058,"PERFUMARIA - MERCEDES BENZ CLUB BLACK 100ML - Id: 6724058 - MERCEDES BENZ - PERFUMES",,495,295,,"MERCEDES BENZ CLUB BLACK 100ML",,2
PERFUMES,6724004,"PERFUMARIA - PRECIEUX CLUB DE NUIT 55ML - Id: 6724004 - ARMAF - PERFUMES",,530,330,,"PRECIEUX CLUB DE NUIT 55ML",,3
PERFUMES,6723959,"PERFUMARIA - SILVER SCENT AQUA 100ML - Id: 6723959 - JACQUES BOGART  - PERFUMES",,390,190,,"SILVER SCENT AQUA 100ML",,1
PERFUMES,6723929,"PERFUMARIA - SILVER SCENT INTENSE 100ML - Id: 6723929 - JACQUES BOGART  - PERFUMES",,385,185,,"SILVER SCENT INTENSE 100ML",,2
PERFUMES,6723860,"PERFUMARIA - SILVER SCENT  EDT 100ML - Id: 6723860 - JACQUES BOGART  - PERFUMES",,350,150,,"SILVER SCENT  EDT 100ML",,2
PERFUMES,6723508,"PERFUMARIA - CREED AVENTUS  100ML - Id: 6723508 - PERFUMES",,2390,2190,,"CREED AVENTUS  100ML",,1
PERFUMES,6723293,"PERFUMARIA - Y  LE PARFUM 100ML - Id: 6723293 - YVES SAINT LAURENT - PERFUMES",,895,695,,"Y  LE PARFUM 100ML",,1
PERFUMES,6723252,"PERFUMARIA - SAUVAGE EDP 100ML - Id: 6723252 - DIOR - PERFUMES",,860,660,,"SAUVAGE EDP 100ML",,2
PERFUMES,6723181,"PERFUMARIA - AZZARO WANTED PARFUM 100ML - Id: 6723181 - AZZARO - PERFUMES",,570,370,,"AZZARO WANTED PARFUM 100ML",,1
PERFUMES,6723121,"PERFUMARIA - SCANDAL LE PARFUM EDP INTENSE 100ML - Id: 6723121 - JEAN PAUL GAULTIER - PERFUMES",,720,520,,"SCANDAL LE PARFUM EDP INTENSE 100ML",,1
PERFUMES,6723090,"PERFUMARIA - SCANDAL ABSOLU 100ML - Id: 6723090 - JEAN PAUL GAULTIER - PERFUMES",,760,560,,"SCANDAL ABSOLU 100ML",,1
PERFUMES,6723063,"PERFUMARIA - SCANDAL EDT POUR HOMME 100ML - Id: 6723063 - JEAN PAUL GAULTIER - PERFUMES",,640,440,,"SCANDAL EDT POUR HOMME 100ML",,2
PERFUMES,6722675,"PERFUMARIA - SCANDAL INTENSE EDP INTENSE 100ML - Id: 6722675 - JEAN PAUL GAULTIER - PERFUMES",,720,520,,"SCANDAL INTENSE EDP INTENSE 100ML",,2
PERFUMES,6722549,"PERFUMARIA - MYSLF EDP 100ML - Id: 6722549 - YVES SAINT LAURENT - PERFUMES",,770,570,,"MYSLF EDP 100ML",,2
PERFUMES,6722467,"PERFUMARIA - PHANTON PARFUM 100ML - Id: 6722467 - PACO RABANNE - PERFUMES",,670,460,,"PHANTON PARFUM 100ML",,1
PERFUMES,6722420,"PERFUMARIA - MYSLF LE PARFUM 100ML - Id: 6722420 - YVES SAINT LAURENT - PERFUMES",,880,680,,"MYSLF LE PARFUM 100ML",,2
PERFUMES,6722335,"PERFUMARIA - INVICTUS VICTORY ELIXIR 100ML - Id: 6722335 - PACO RABANNE - PERFUMES",,670,470,,"INVICTUS VICTORY ELIXIR 100ML",,1
PERFUMES,6722282,"PERFUMARIA - INVICTUS EDT 100ML - Id: 6722282 - PACO RABANNE - PERFUMES",,610,410,,"INVICTUS EDT 100ML",,1
PERFUMES,6722255,"PERFUMARIA - INVICTUS PLATINUM 50ML - Id: 6722255 - PACO RABANNE - PERFUMES",,560,360,,"INVICTUS PLATINUM 50ML",,1
PERFUMES,6722017,"PERFUMARIA - NAUTICA VOYAGE - Id: 6722017 - PERFUMES",,229.99,130,,"NAUTICA VOYAGE",,2
PERFUMES,6719178,"PERFUMARIA - ASAD BOURBON 100ML - Id: 6719178 - LATTAFA - PERFUMES",,399,220,,"ASAD BOURBON 100ML",,10
PERFUMES,6719109,"PERFUMARIA - ARABESQUE 100ML - Id: 6719109 - PERFUMES",,299,150,,"ARABESQUE 100ML",,1
PERFUMES,6719064,"PERFUMARIA - PHILOS OPUS NOIR 100ML - Id: 6719064 - MAISON ALHAMBRA - PERFUMES",,299,150,,"PHILOS OPUS NOIR 100ML",,2
PERFUMES,6719023,"PERFUMARIA - ALLURE HOMME SPORT EDT 100ML - Id: 6719023 - CHANEL - PERFUMES",,930,730,,"ALLURE HOMME SPORT EDT 100ML",,1
PERFUMES,6718987,"PERFUMARIA - KIT THE GOLDEN SECRET EDT 100ML - Id: 6718987 - ANTONIO BANDERAS - PERFUMES",,259.99,160,,"KIT THE GOLDEN SECRET EDT 100ML",,1
PERFUMES,6718930,"PERFUMARIA - LA LUNA HIDRATANTE CORPORAL 240ML - Id: 6718930 - CICLO - PERFUMES",,49.9,24,,"LA LUNA HIDRATANTE CORPORAL 240ML",,2
PERFUMES,6718883,"PERFUMARIA - LA LUNA FRAGRANCIA 100ML - Id: 6718883 - CICLO - PERFUMES",,120,60,,"LA LUNA FRAGRANCIA 100ML",,1
PERFUMES,6718819,"PERFUMARIA - MINDSET EDP 100ML - Id: 6718819 - MAISON ALHAMBRA - PERFUMES",,420,220,,"MINDSET EDP 100ML",,1
PERFUMES,6717926,"PERFUMARIA - BLEU DE CHANEL EDP 100ML - Id: 6717926 - CHANEL - PERFUMES",,1080,880,,"BLEU DE CHANEL EDP 100ML",,1
PERFUMES,6717886,"PERFUMARIA - BLEU DE CHANEL EDT 150ML - Id: 6717886 - CHANEL - PERFUMES",,1150,950,,"BLEU DE CHANEL EDT 150ML",,2
PERFUMES,6689744,"PERFUMARIA - ARMAF - INFINITY GOLD EDP 100ML - Id: 6689744 - PERFUMES",,499,300,,"ARMAF - INFINITY GOLD EDP 100ML",,2
PERFUMES,6689739,"PERFUMARIA - ARMAF - INFINITY SILVER EAU DE PARFUM - PERFUME MASCULINO 100ML - Id: 6689739 - PERFUMES",,459.9,260,,"ARMAF - INFINITY SILVER EAU DE PARFUM - PERFUME MASCULINO 100ML",,3
PERFUMES,6689734,"PERFUMARIA - AMBER NOIR ORIENTICA PREMIUM 80ML - Id: 6689734 - PERFUMES",,629,430,,"AMBER NOIR ORIENTICA PREMIUM 80ML",,1
PERFUMES,6689730,"PERFUMARIA - VELVET GOLD EAU DE PARFUM 80ML - Id: 6689730 - PERFUMES",,549,350,,"VELVET GOLD EAU DE PARFUM 80ML",,1
PERFUMES,6689722,"PERFUMARIA - AZURE FANTASY ORIENTICA EXTRAIT DE PARFUM 80ML - Id: 6689722 - PERFUMES",,789,550,,"AZURE FANTASY ORIENTICA EXTRAIT DE PARFUM 80ML",,1
PERFUMES,6689718,"PERFUMARIA - ROYAL AMBER 80ML - Id: 6689718 - PERFUMES",,599,400,,"ROYAL AMBER 80ML",,3
PERFUMES,6687450,"PERFUMARIA - PASTA ASAD BOURBON LA BELLE 200ML - Id: 6687450 - PERFUMES",,199,100,,"PASTA ASAD BOURBON LA BELLE 200ML",,2
PERFUMES,6687446,"PERFUMARIA - PASTA ASAD ELIXIR LA BELLE 200ML - Id: 6687446 - PERFUMES",,199,120,,"PASTA ASAD ELIXIR LA BELLE 200ML",,1
PERFUMES,6687442,"PERFUMARIA - CREME ALIEN 200ML - Id: 6687442 - PERFUMES",,499,330,,"CREME ALIEN 200ML",,4
,6687437,"PERFUMARIA - CREME ANGEL 200ML - Id: 6687437",,499,330,,"CREME ANGEL 200ML",,1
PERFUMES,6687432,"PERFUMARIA - VULCAN FEU 100ML - Id: 6687432 - PERFUMES",,499,255,,"VULCAN FEU 100ML",,4
,6687373,"PERFUMARIA - THE KINGDON 100ML - Id: 6687373",,399,200,,"THE KINGDON 100ML",,2
PERFUMES,6687365,"PERFUMARIA - RAYHAAN ELIXIR 100ML - Id: 6687365 - PERFUMES",,399,200,,"RAYHAAN ELIXIR 100ML",,2
PERFUMES,6687353,"PERFUMARIA - DELILAH BLANC 100ML - Id: 6687353 - PERFUMES",,399,220,,"DELILAH BLANC 100ML",,3
PERFUMES,6687347,"PERFUMARIA - DELILAH ROSA 100ML - Id: 6687347 - PERFUMES",,299,150,,"DELILAH ROSA 100ML",,3
PERFUMES,6687338,"PERFUMARIA - SO CANDID MASCULINO 100ML - Id: 6687338 - PERFUMES",,349.9,190,,"SO CANDID MASCULINO 100ML",,3
PERFUMES,6683101,"PERFUMARIA - SO CANDID 100ML - Id: 6683101 - MAISON ALHAMBRA - PERFUMES",,300,140,,"SO CANDID 100ML",,3
PERFUMES,6683013,"PERFUMARIA - LA NUIT TRESOR 100ML - Id: 6683013 - LANCOME - PERFUMES",,795,595,,"LA NUIT TRESOR 100ML",,1
PERFUMES,6682836,"PERFUMARIA - PINK FLAMES PASTA 200G - Id: 6682836 - NEECHE HOUSE  - PERFUMES",,280,150,,"PINK FLAMES PASTA 200G",,2
PERFUMES,6682746,"PERFUMARIA - DALENA PASTA 200G - Id: 6682746 - NEECHE HOUSE  - PERFUMES",,280,150,,"DALENA PASTA 200G",,2
PERFUMES,6682683,"PERFUMARIA - ERBA PURA 100ML - Id: 6682683 - XERJOFF - PERFUMES",,1900,1500,,"ERBA PURA 100ML",,1
PERFUMES,6682430,"PERFUMARIA - SIGN 50ML - Id: 6682430 - MERCEDES BENZ - PERFUMES",,449,160,,"SIGN 50ML",,2
PERFUMES,6682339,"PERFUMARIA - BLEU 070 25ML - Id: 6682339 - BRAND - PERFUMES",,119,50,,"BLEU 070 25ML",,2
PERFUMES,6682308,"PERFUMARIA - LA VIE EST BELLE 012 25ML - Id: 6682308 - BRAND - PERFUMES",,119,50,,"LA VIE EST BELLE 012 25ML",,1
PERFUMES,6682281,"PERFUMARIA - JUBILANT NOIR 30ML - Id: 6682281 - MAISON ALHAMBRA - PERFUMES",,119,50,,"JUBILANT NOIR 30ML",,2
PERFUMES,6682242,"PERFUMARIA - JADORE 007 25ML - Id: 6682242 - BRAND - PERFUMES",,119,50,,"JADORE 007 25ML",,1
PERFUMES,6682195,"PERFUMARIA - WANTED 386 25ML - Id: 6682195 - BRAND - PERFUMES",,119,50,,"WANTED 386 25ML",,2
PERFUMES,6682156,"PERFUMARIA - LEONIE 30ML - Id: 6682156 - MAISON ALHAMBRA - PERFUMES",,119,50,,"LEONIE 30ML",,2
PERFUMES,6682055,"PERFUMARIA - MY SELF 433 25ML - Id: 6682055 - BRAND - PERFUMES",,119,50,,"MY SELF 433 25ML",,1
PERFUMES,6682017,"PERFUMARIA - SAUVAGE 100 25ML - Id: 6682017 - BRAND - PERFUMES",,119,50,,"SAUVAGE 100 25ML",,1
PERFUMES,6681941,"PERFUMARIA - INVICTUS VICTORY 214 25ML - Id: 6681941 - BRAND - PERFUMES",,119,50,,"INVICTUS VICTORY 214 25ML",,1
PERFUMES,6681828,"PERFUMARIA - ETERNAL TOUCH 30ML - Id: 6681828 - BRAND - PERFUMES",,119,50,,"ETERNAL TOUCH 30ML",,1
PERFUMES,6681741,"PERFUMARIA - FAKAR BLACK A007 25ML - Id: 6681741 - BRAND - PERFUMES",,119,50,,"FAKAR BLACK A007 25ML",,1
PERFUMES,6681712,"PERFUMARIA - FAKAR GOLD A008 25ML - Id: 6681712 - BRAND - PERFUMES",,119,50,,"FAKAR GOLD A008 25ML",,1
PERFUMES,6681672,"PERFUMARIA - 212 VIP MEN 008 25ML - Id: 6681672 - BRAND - PERFUMES",,119,50,,"212 VIP MEN 008 25ML",,1
PERFUMES,6681619,"PERFUMARIA - OPULENCE LEATHER 30ML - Id: 6681619 - BRAND - PERFUMES",,119,50,,"OPULENCE LEATHER 30ML",,2
PERFUMES,6681585,"PERFUMARIA - LA NUIT 069 25ML - Id: 6681585 - BRAND - PERFUMES",,119,50,,"LA NUIT 069 25ML",,1
PERFUMES,6681535,"PERFUMARIA - FUSION INTENSE 25ML - Id: 6681535 - BRAND - PERFUMES",,119,50,,"FUSION INTENSE 25ML",,2
PERFUMES,6681506,"PERFUMARIA - SAUVA 100 25ML - Id: 6681506 - BRAND - PERFUMES",,119,50,,"SAUVA 100 25ML",,1
PERFUMES,6681008,"PERFUMARIA - LE MALE ELIXIR 323 25ML - Id: 6681008 - BRAND - PERFUMES",,119,50,,"LE MALE ELIXIR 323 25ML",,2
PERFUMES,6680871,"PERFUMARIA - PHANTON 296 25ML - Id: 6680871 - BRAND - PERFUMES",,119,50,,"PHANTON 296 25ML",,2
PERFUMES,6680817,"PERFUMARIA - PHANTON 427 25ML - Id: 6680817 - BRAND - PERFUMES",,119,50,,"PHANTON 427 25ML",,2
PERFUMES,6680795,"PERFUMARIA - FAME 415 25ML - Id: 6680795 - BRAND - PERFUMES",,119,50,,"FAME 415 25ML",,2
PERFUMES,6680586,"PERFUMARIA - GOOD GIRL 372 25ML - Id: 6680586 - BRAND - PERFUMES",,119,50,,"GOOD GIRL 372 25ML",,2
PERFUMES,6680543,"PERFUMARIA - GOOD GIRL 267 25ML - Id: 6680543 - BRAND - PERFUMES",,119,50,,"GOOD GIRL 267 25ML",,2
PERFUMES,6680470,"PERFUMARIA - GOOD GIRL 297 25ML - Id: 6680470 - BRAND - PERFUMES",,119,50,,"GOOD GIRL 297 25ML",,1
PERFUMES,6680403,"PERFUMARIA - GOOD GIRL 173 25ML - Id: 6680403 - BRAND - PERFUMES",,119,50,,"GOOD GIRL 173 25ML",,2
PERFUMES,6680372,"PERFUMARIA - GOOD GIRL  126 25ML - Id: 6680372 - BRAND - PERFUMES",,119,50,,"GOOD GIRL  126 25ML",,1
PERFUMES,6680044,"PERFUMARIA - KIT 212 VIP BLACK ELIXIR 100ML - Id: 6680044 - CAROLINA HERRERA - PERFUMES",,729,530,,"KIT 212 VIP BLACK ELIXIR 100ML",,1
PERFUMES,6679898,"PERFUMARIA - KIT GOOD GIRL 80ML - Id: 6679898 - CAROLINA HERRERA - PERFUMES",,799,600,,"KIT GOOD GIRL 80ML",,3
PERFUMES,6679310,"PERFUMARIA - KIT ONE MILLION 200ML - Id: 6679310 - PACO RABANNE - PERFUMES",,699,500,,"KIT ONE MILLION 200ML",,2
,6674676,"PERFUMARIA - CREME LA VIE EST BELLE - Id: 6674676 - LANCOME - LANCOME",,849,650,,"CREME LA VIE EST BELLE",,2
PERFUMES,6674578,"PERFUMARIA - KIT 212 VIP BLACK  100ML - Id: 6674578 - CAROLINA HERRERA - PERFUMES",,629,470,,"KIT 212 VIP BLACK  100ML",,1
PERFUMES,6674377,"PERFUMARIA - KIT  OLYMPEA 80ML - Id: 6674377 - PACO RABANNE - PERFUMES",,699.9,470,,"KIT  OLYMPEA 80ML",,1
CAPA,6668820,"Acessorios - CAPA ACRILICO 16 PRO - Id: 6668820 - CAPA",,99,14,,"CAPA ACRILICO 16 PRO",,9
CAPA,6668796,"Acessorios - CAPA ACRILICO 13 MAX - Id: 6668796 - CAPA",,99,14,,"CAPA ACRILICO 13 MAX",,1
CAPA,6668764,"Acessorios - CAPA ACRILICO 14 MAX - Id: 6668764 - CAPA",,99,14,,"CAPA ACRILICO 14 MAX",,4
CAPA,6668716,"Acessorios - CAPA ACRILICO 16  - Id: 6668716 - CAPA",,99,14,,"CAPA ACRILICO 16 ",,8
CAPA,6668609,"Acessorios - CAPA ACRILICO 14  - Id: 6668609 - CAPA",,99,14,,"CAPA ACRILICO 14 ",,5
CAPA,6668549,"Acessorios - CAPA ACRILICO 17 - Id: 6668549 - CAPA",,99,16,,"CAPA ACRILICO 17",,3
CAPA,6668487,"Acessorios - CAPA ACRILICO 17 AIR - Id: 6668487 - CAPA",,99,16,,"CAPA ACRILICO 17 AIR",,7
CAPA,6668465,"Acessorios - CAPA ACRILICO 15 PRO - Id: 6668465 - CAPA",,99,14,,"CAPA ACRILICO 15 PRO",,1
CAPA,6668433,"Acessorios - CAPA ACRILICO 16 MAX - Id: 6668433 - CAPA",,99,14,,"CAPA ACRILICO 16 MAX",,8
CAPA,6668307,"Acessorios - CAPA ACRILICO 17 PRO - Id: 6668307 - CAPA",,99,16,,"CAPA ACRILICO 17 PRO",,8
CAPA,6667720,"Acessorios - CAPA ACRILICO 17 PRO MAX - Id: 6667720 - CAPA",,99.9,18,,"CAPA ACRILICO 17 PRO MAX",,50
CARREGADORES,6654694,"Acessorios - CABO USB-C/LIGHTNING 1M APPLE - Id: 6654694 - APPLE - CARREGADORES",,149.9,30,,"CABO USB-C/LIGHTNING 1M APPLE",,10
CAPA,6654591,"Acessorios - CLEAR CASE - 14 PRO MAX - Id: 6654591 - CAPA",,149,50,,"CLEAR CASE - 14 PRO MAX",,2
CAPA,6654568,"Acessorios - CLEAR CASE - 15 PRO MAX - Id: 6654568 - CAPA",,149,50,,"CLEAR CASE - 15 PRO MAX",,2
,6654561,"Acessorios - CLEAR CASE - 15 PRO  - Id: 6654561",,149,50,,"CLEAR CASE - 15 PRO ",,5
CAPA,6654556,"Acessorios - CLEAR CASE - 16 - Id: 6654556 - CAPA",,149,50,,"CLEAR CASE - 16",,2
CAPA,6654555,"Acessorios - CLEAR CASE - 16 PRO  - Id: 6654555 - CAPA",,149,50,,"CLEAR CASE - 16 PRO ",,2
PERFUMES,6073313,"PERFUMARIA - BODY SPLASH SANTAL BERRY SILK 250ML - Id: 6073313 - VICTORIA SECRETS - PERFUMES",,159.9,90,,"BODY SPLASH SANTAL BERRY SILK 250ML",,1
PERFUMES,6073310,"PERFUMARIA - CREME LOVE SPELL SHIMMER 236ML - Id: 6073310 - VICTORIA SECRETS - PERFUMES",,169.9,100,,"CREME LOVE SPELL SHIMMER 236ML",,1
PERFUMES,6073245,"PERFUMARIA - BODY SPLASH PURE SEDUCTION 250ML - Id: 6073245 - VICTORIA SECRETS - PERFUMES",,159.9,95,,"BODY SPLASH PURE SEDUCTION 250ML",,4
PERFUMES,6073241,"PERFUMARIA - CREME PURE SEDUCTION 236ML - Id: 6073241 - VICTORIA SECRETS - PERFUMES",,159.9,95,,"CREME PURE SEDUCTION 236ML",,2
PERFUMES,6073237,"PERFUMARIA - BODY SPLASH COCONUT PASSION 250ML - Id: 6073237 - VICTORIA SECRETS - PERFUMES",,159.9,95,,"BODY SPLASH COCONUT PASSION 250ML",,6
PERFUMES,6073231,"PERFUMARIA - CREME COCONUT PASSION 236ML - Id: 6073231 - VICTORIA SECRETS - PERFUMES",,159.9,95,,"CREME COCONUT PASSION 236ML",,7
PERFUMES,6073226,"PERFUMARIA - BODY SPLASH AQUA KISS 250ML - Id: 6073226 - VICTORIA SECRETS - PERFUMES",,159.9,95,,"BODY SPLASH AQUA KISS 250ML",,3
PERFUMES,6073222,"PERFUMARIA - CREME AQUA KISS 236ML - Id: 6073222 - VICTORIA SECRETS - PERFUMES",,159.9,95,,"CREME AQUA KISS 236ML",,4
PERFUMES,6073214,"PERFUMARIA - CREME BARE VANILLA 236ML - Id: 6073214 - VICTORIA SECRETS - PERFUMES",,159.9,95,,"CREME BARE VANILLA 236ML",,3
PERFUMES,6073194,"PERFUMARIA - BODY SPLASH BARE VANILLA 250ML - Id: 6073194 - VICTORIA SECRETS - PERFUMES",,159.9,95,,"BODY SPLASH BARE VANILLA 250ML",,3
PERFUMES,6073192,"PERFUMARIA - BODY SPLASH BARE VANILLA SHIMMER 250ML - Id: 6073192 - VICTORIA SECRETS - PERFUMES",,169.9,95,,"BODY SPLASH BARE VANILLA SHIMMER 250ML",,4
PELICULAS,6053238,"Acessorios - PELICULA PRIVACIDADE FOSCA H-PRIME 17 PRO MAX - Id: 6053238 - HPRIME - PELICULAS",,149.9,35,,"PELICULA PRIVACIDADE FOSCA H-PRIME 17 PRO MAX",,19
CAPA,6053229,"Acessorios - TECLADO IPAD 10/11 BETTDOW - Id: 6053229 - CAPA",,599,380,,"TECLADO IPAD 10/11 BETTDOW",,2
CAPA,6053221,"Acessorios - CARTEIRA MAGNETICA APPLE  - Id: 6053221 - CAPA",,79.9,35,,"CARTEIRA MAGNETICA APPLE ",,4
CARREGADORES,6053210,"Acessorios - CARREGADOR SEM FIO 4 EM 1 FCA-QW26 - Id: 6053210 - FAM  - CARREGADORES",,219.9,120,,"CARREGADOR SEM FIO 4 EM 1 FCA-QW26",,1
,6053204,"Acessorios - TAG RASTREADOR IF-700  - Id: 6053204 - HREBOS",,79.9,26,,"TAG RASTREADOR IF-700 ",,2
,6053195,"Acessorios - POWER BANK 10.000MAH MAGNETICO PB-909 - Id: 6053195 - HREBOS",,199,100,,"POWER BANK 10.000MAH MAGNETICO PB-909",,1
,6053191,"Acessorios - POWER BANK 5.000MAH PB-912  - Id: 6053191 - HREBOS",,169.9,85,,"POWER BANK 5.000MAH PB-912 ",,2
CARREGADORES,6053169,"Acessorios - POWER BANK MAGNETICO 10.000MAH WUP-1009 - Id: 6053169 - PEINING - CARREGADORES",,189.9,78,,"POWER BANK MAGNETICO 10.000MAH WUP-1009",,2
CARREGADORES,6053167,"Acessorios - POWER BANK MAGNETICO 5.000MAH WUP-1008 - Id: 6053167 - PEINING - CARREGADORES",,159.9,68,,"POWER BANK MAGNETICO 5.000MAH WUP-1008",,6
FONE,6043247,"Acessorios - REDMI BUDS 6 ACTIVE - Id: 6043247 - FONE",,249,150,,"REDMI BUDS 6 ACTIVE",,1
FONE,6043240,"Acessorios - REALME BUDS AIR 7 PRO  - Id: 6043240 - FONE",,849,700,,"REALME BUDS AIR 7 PRO ",,1
PENCIL,6043217,"Acessorios - PENCIL 2 USB-C  - Id: 6043217 - PENCIL",,499,150,,"PENCIL 2 USB-C ",,6
CARREGADORES,6039356,"Acessorios - CARREGADOR APPLE WATCH ORIGINAL APPLE - Id: 6039356 - CARREGADORES",,269.9,120,,"CARREGADOR APPLE WATCH ORIGINAL APPLE",,1
CARREGADORES,6039351,"Acessorios - CABO USB-C 2M APPLE - Id: 6039351 - CARREGADORES",,99.9,33,,"CABO USB-C 2M APPLE",,10
CARREGADORES,6039350,"Acessorios - CABO USB-C 1M APPLE - Id: 6039350 - CARREGADORES",,59.9,11,,"CABO USB-C 1M APPLE",,18
CARREGADORES,6039347,"Acessorios - CABO USB-C P/ LIGHTNING 1M APPLE - Id: 6039347 - CARREGADORES",,59.9,11,,"CABO USB-C P/ LIGHTNING 1M APPLE",,24
CARREGADORES,6039344,"Acessorios - CABO USB - LIGHTNING 1M APPLE - Id: 6039344 - CARREGADORES",,49.9,11,,"CABO USB - LIGHTNING 1M APPLE",,10
CARREGADORES,6039304,"Acessorios - FONTE USB-C 20W 1º LINHA - Id: 6039304 - CARREGADORES",,49.9,17,,"FONTE USB-C 20W 1º LINHA",,16
CARREGADORES,6039260,"Acessorios - FONTE 20W APPLE  - Id: 6039260 - CARREGADORES",,149.9,35,,"FONTE 20W APPLE ",,26
CARREGADORES,6039249,"Acessorios - FONTE USB-C 35W APPLE 2 ENTRADAS - Id: 6039249 - CARREGADORES",,279.9,135,,"FONTE USB-C 35W APPLE 2 ENTRADAS",,5
CARREGADORES,6039210,"Acessorios - FONTE 20W APPLE ORIGINAL - Id: 6039210 - CARREGADORES",,199.9,85,,"FONTE 20W APPLE ORIGINAL",,27
"LIBERADOR DE CANAL",6039195,"Acessorios - LIBERADOR DE CANAL - UNI TV V11 - Id: 6039195 - LIBERADOR DE CANAL",,599.99,280,,"LIBERADOR DE CANAL - UNI TV V11",,1
"LIBERADOR DE CANAL",6039192,"Acessorios - LIBERADOR DE CANAL - UNI TV V10 - Id: 6039192 - LIBERADOR DE CANAL",,499.99,230,,"LIBERADOR DE CANAL - UNI TV V10",,8
,6039144,"Acessorios - CLEAR CASE - 17 PRO MAX  - Id: 6039144",,279.9,50,,"CLEAR CASE - 17 PRO MAX ",,12
CAPA,6039138,"Acessorios - CLEAR CASE - 17 PRO  - Id: 6039138 - CAPA",,119,18,,"CLEAR CASE - 17 PRO ",,4
,6037563,"CABOS - CABO APPLE USB-C 1M - Id: 6037563",,199,100,,"CABO APPLE USB-C 1M",,12
